subscriber_id,first_name,last_name,email
1,Puff,Duchasteau,
2,Norby,Endersby,nendersby1@imgur.com
3,Ode,McMearty,
4,Gaultiero,Lillegard,glillegard3@economist.com
5,Leighton,Amis,lamis4@purevolume.com
6,Virge,Jagiela,vjagiela5@home.pl
7,Simonette,Teale,steale6@bizjournals.com
8,Liliane,Clowton,lclowton7@kickstarter.com
9,Bar,Filip,bfilip8@youku.com
10,Drucill,Nise,dnise9@bluehost.com
11,Elayne,Cobain,ecobaina@princeton.edu
12,Trstram,Castello,tcastellob@bbc.co.uk
13,Ailee,Plaster,aplasterc@home.pl
14,Devy,Goricke,dgoricked@squarespace.com
15,Gino,Edeler,gedelere@hibu.com
16,Holly,Blabey,
17,Keith,Barnardo,kbarnardog@ed.gov
18,Bronnie,Ossulton,bossultonh@parallels.com
19,Niall,Keyte,nkeytei@bandcamp.com
20,Davidson,Tidball,dtidballj@ihg.com
21,Teodor,Pusey,tpuseyk@google.com
22,Giraldo,Belamy,gbelamyl@guardian.co.uk
23,Sterne,Keetch,
24,Burg,Davidesco,bdavidescon@eepurl.com
25,Kenyon,Dangerfield,kdangerfieldo@delicious.com
26,Amalita,Hoy,ahoyp@tripadvisor.com
27,Lorant,Twallin,ltwallinq@bandcamp.com
28,Walther,Doughill,
29,Oralla,Thormann,othormanns@pcworld.com
30,Royce,Kruse,rkruset@blogs.com
31,Miles,Wightman,mwightmanu@cnn.com
32,Michelle,Djordjevic,mdjordjevicv@indiatimes.com
33,Dore,Chitham,
34,Rae,Munnery,rmunneryx@jimdo.com
35,Jessika,Clute,jclutey@spotify.com
36,Lolly,Rotham,lrothamz@slideshare.net
37,Royce,Gristock,
38,Chelsea,Nannini,cnannini11@newyorker.com
39,Matias,Blaylock,mblaylock12@odnoklassniki.ru
40,Cecily,Soutar,csoutar13@samsung.com
41,Verile,Kears,vkears14@cloudflare.com
42,Pearce,Grove,pgrove15@imgur.com
43,Corbet,Pridmore,cpridmore16@squidoo.com
44,Meredith,Jiru,mjiru17@webmd.com
45,Rosina,McElhargy,rmcelhargy18@so-net.ne.jp
46,Alonzo,Grindlay,agrindlay19@mysql.com
47,Randi,Samms,rsamms1a@aboutads.info
48,Consolata,Riediger,criediger1b@archive.org
49,Michelle,Delucia,mdelucia1c@nasa.gov
50,Pennie,Reidie,preidie1d@shutterfly.com
51,Franklyn,Lawtie,flawtie1e@comsenz.com
52,Sax,Hiddy,shiddy1f@reddit.com
53,Richard,Arnull,
54,Ade,Itzhak,aitzhak1h@cargocollective.com
55,Wildon,Mort,wmort1i@un.org
56,Bondy,McKeran,
57,Ellwood,Wescott,ewescott1k@ebay.co.uk
58,Bertram,Tofanelli,btofanelli1l@reference.com
59,Cecilius,Chelley,
60,Vevay,Shemmin,vshemmin1n@rediff.com
61,Worthington,Mackelworth,wmackelworth1o@marriott.com
62,Shaylyn,Hurburt,shurburt1p@istockphoto.com
63,Noel,Furbank,nfurbank1q@illinois.edu
64,Link,Shard,lshard1r@furl.net
65,Damara,Dani,ddani1s@ebay.com
66,Vannie,O' Cloney,vocloney1t@senate.gov
67,Miran,Silwood,msilwood1u@t.co
68,Cynde,Rusk,
69,Jess,Wisson,jwisson1w@xinhuanet.com
70,Ellery,Lothean,
71,Marnia,Hatchette,mhatchette1y@delicious.com
72,Thelma,Dannell,
73,Wallie,Wharin,wwharin20@over-blog.com
74,Coletta,Bourke,cbourke21@apple.com
75,Cleo,Harman,charman22@bigcartel.com
76,Georgi,Elliot,gelliot23@reverbnation.com
77,Eduardo,Standidge,
78,Bary,Gruszka,bgruszka25@php.net
79,Amata,Merchant,amerchant26@jigsy.com
80,Roseanne,Gresley,rgresley27@wsj.com
81,Conn,Sangra,csangra28@hc360.com
82,Killian,Ivie,kivie29@booking.com
83,Euell,Jeffreys,
84,Darby,Smurfitt,dsmurfitt2b@about.me
85,Wallas,Thombleson,wthombleson2c@vistaprint.com
86,Quinton,Fihelly,qfihelly2d@virginia.edu
87,Debi,Cleever,dcleever2e@spiegel.de
88,Millisent,Lisett,mlisett2f@com.com
89,Jerry,Ortzen,jortzen2g@blogspot.com
90,Ivette,Mennithorp,imennithorp2h@wiley.com
91,Iago,Thewlis,ithewlis2i@flickr.com
92,Eugenius,Deeming,edeeming2j@telegraph.co.uk
93,Flossi,Ghio,fghio2k@t-online.de
94,Barty,Zecchinii,bzecchinii2l@netvibes.com
95,Ayn,Gioan,agioan2m@netvibes.com
96,Herve,Lighterness,hlighterness2n@github.com
97,Kennett,Possa,kpossa2o@mail.ru
98,Bekki,Lippett,
99,Bail,Doelle,bdoelle2q@i2i.jp
100,Alan,Newcom,anewcom2r@google.com.au
101,Brinna,Kane,bkane2s@nsw.gov.au
102,Thia,Jessup,tjessup2t@ucoz.ru
103,Frannie,Vogeller,fvogeller2u@yellowpages.com
104,Forbes,Revely,frevely2v@harvard.edu
105,Kingsly,Dudny,kdudny2w@bbb.org
106,Cybill,Legen,
107,Vinnie,Gowdridge,vgowdridge2y@gov.uk
108,Rik,Rohloff,rrohloff2z@ca.gov
109,Latashia,Duhig,lduhig30@wiley.com
110,Annecorinne,Stride,astride31@economist.com
111,Poppy,Hegges,phegges32@qq.com
112,Gannon,McWhin,gmcwhin33@cnn.com
113,Davida,Jacson,djacson34@privacy.gov.au
114,Deeann,Peare,dpeare35@cbslocal.com
115,Sandi,Haswell,
116,Barbe,Kellington,bkellington37@usda.gov
117,Berte,Phalip,bphalip38@trellian.com
118,Pepito,Le Barr,plebarr39@accuweather.com
119,Rudolfo,Squeers,rsqueers3a@facebook.com
120,Sully,Huttley,shuttley3b@e-recht24.de
121,Antoine,Anthoney,aanthoney3c@dell.com
122,Storm,Barkway,sbarkway3d@cbsnews.com
123,Jobina,Mutch,jmutch3e@infoseek.co.jp
124,Gerald,Dixcey,gdixcey3f@dot.gov
125,Belicia,Twelvetrees,
126,Rochester,Carlens,rcarlens3h@wsj.com
127,Sunshine,Hamblington,shamblington3i@mit.edu
128,Alon,Perrelle,
129,Carmencita,Pinchen,cpinchen3k@mit.edu
130,Jefferey,Lavin,jlavin3l@ucoz.ru
131,Fonsie,Birmingham,fbirmingham3m@bluehost.com
132,Rachel,Kingswood,rkingswood3n@joomla.org
133,Albie,Futter,afutter3o@ehow.com
134,Greer,Ivanenko,givanenko3p@ed.gov
135,Gisele,Grimmert,ggrimmert3q@sina.com.cn
136,Bernice,Itzcak,bitzcak3r@lycos.com
137,Violet,Jorgesen,vjorgesen3s@wikimedia.org
138,Kinna,Becket,kbecket3t@jimdo.com
139,Claiborne,Gueste,cgueste3u@whitehouse.gov
140,Farand,Evett,fevett3v@mediafire.com
141,Davide,Stive,dstive3w@google.cn
142,Valera,Grelak,vgrelak3x@dion.ne.jp
143,Donnamarie,Nodes,dnodes3y@gravatar.com
144,Bale,Cavee,bcavee3z@jimdo.com
145,Leicester,Callaby,lcallaby40@about.com
146,Mort,Tonna,mtonna41@multiply.com
147,Morie,Udie,mudie42@opensource.org
148,Friedrick,Rosin,frosin43@mysql.com
149,Kelvin,Greenham,kgreenham44@domainmarket.com
150,Tildi,Monshall,tmonshall45@ft.com
151,Fabien,Shorthouse,fshorthouse46@xinhuanet.com
152,Hi,Ridel,hridel47@google.com
153,Wallie,Grzegorzewicz,wgrzegorzewicz48@google.com
154,Clifford,Salvadori,csalvadori49@goo.gl
155,Steve,Mutimer,smutimer4a@reverbnation.com
156,Chaunce,Atlee,catlee4b@desdev.cn
157,Penrod,Shapcott,pshapcott4c@sitemeter.com
158,Cynthea,Jerman,cjerman4d@addthis.com
159,Benedicta,Guyot,bguyot4e@sciencedaily.com
160,Dunn,Kirkwood,dkirkwood4f@hexun.com
161,Kristi,Eagland,keagland4g@360.cn
162,Lily,Bernardotte,
163,Gabi,MacDonnell,gmacdonnell4i@pbs.org
164,Kira,Rumsby,krumsby4j@dailymotion.com
165,Isabeau,Towlson,itowlson4k@ftc.gov
166,Haily,Tirone,htirone4l@printfriendly.com
167,Sibby,Clail,sclail4m@so-net.ne.jp
168,Elise,Kingscott,ekingscott4n@globo.com
169,Margaux,FitzGilbert,mfitzgilbert4o@linkedin.com
170,Dyann,Portwain,dportwain4p@is.gd
171,Myrtice,Ridout,mridout4q@ca.gov
172,Elfrida,Rushford,erushford4r@google.it
173,Gabi,Spering,gspering4s@businesswire.com
174,Kizzee,Freer,kfreer4t@deviantart.com
175,Lydon,Nani,
176,Hi,Lunny,hlunny4v@va.gov
177,Lotta,Tembey,
178,Lauraine,Hayle,lhayle4x@upenn.edu
179,Ban,Kerwin,bkerwin4y@wired.com
180,Lana,Aylward,laylward4z@un.org
181,Dulcea,Hayball,dhayball50@facebook.com
182,Carlin,Guinnane,cguinnane51@engadget.com
183,Morgun,Sawforde,
184,Bogart,Sigge,bsigge53@gmpg.org
185,Frank,Trowler,ftrowler54@pinterest.com
186,Doro,Jolland,djolland55@yolasite.com
187,Brok,Vernall,bvernall56@bloglovin.com
188,Sauncho,Cregan,
189,Corny,Le Provost,cleprovost58@intel.com
190,Elenore,Schoales,eschoales59@oracle.com
191,Jacquetta,Hamsley,jhamsley5a@yale.edu
192,Spenser,Eckert,seckert5b@nationalgeographic.com
193,Gabriellia,Beedham,
194,Annabela,MacQuaker,
195,Vitia,Arr,varr5e@patch.com
196,Charleen,Doyle,cdoyle5f@theatlantic.com
197,Jacintha,Syfax,jsyfax5g@blogspot.com
198,Langston,Glynn,lglynn5h@so-net.ne.jp
199,Malinda,Guido,mguido5i@weebly.com
200,Nessie,Golt,ngolt5j@google.ca
201,Jessamyn,Geffinger,jgeffinger5k@uiuc.edu
202,Fabian,Fauguel,
203,Harri,Capeloff,hcapeloff5m@skype.com
204,Jean,Strippling,jstrippling5n@cnbc.com
205,Gerhard,Courtese,gcourtese5o@discovery.com
206,Inessa,Belin,
207,Serena,Gulliver,sgulliver5q@1688.com
208,Laurette,Symes,lsymes5r@java.com
209,Sam,Dalgarnowch,sdalgarnowch5s@odnoklassniki.ru
210,Marielle,Peschka,mpeschka5t@cocolog-nifty.com
211,Kariotta,Lancashire,
212,Kaylyn,Engall,kengall5v@networksolutions.com
213,Ailis,Killingbeck,akillingbeck5w@earthlink.net
214,Berthe,Balding,bbalding5x@phpbb.com
215,Fanchette,Semour,
216,Gradeigh,Seale,gseale5z@nsw.gov.au
217,Esmeralda,Truswell,etruswell60@cnbc.com
218,Christian,Gebuhr,cgebuhr61@amazonaws.com
219,Efren,McEnhill,emcenhill62@princeton.edu
220,Flint,Kosel,
221,Roanne,Grayshan,rgrayshan64@illinois.edu
222,Lorrayne,Maypowder,lmaypowder65@bandcamp.com
223,Marven,Hayle,mhayle66@oakley.com
224,Audrey,McGourty,amcgourty67@soup.io
225,Tiler,Baleine,tbaleine68@fema.gov
226,Dara,Grimston,dgrimston69@scribd.com
227,Emmalee,Josiah,
228,Juan,Cant,jcant6b@cdbaby.com
229,Arda,Amys,aamys6c@examiner.com
230,Gertrudis,Greenhalf,ggreenhalf6d@state.gov
231,Sissie,McGiffie,smcgiffie6e@ocn.ne.jp
232,Vinnie,Caley,vcaley6f@51.la
233,Alexine,Vedeneev,avedeneev6g@qq.com
234,Pauly,Yurenin,
235,Enid,Himpson,ehimpson6i@cargocollective.com
236,Nial,Bickerdike,nbickerdike6j@wikimedia.org
237,Miranda,Reiglar,mreiglar6k@wsj.com
238,Irwin,Teal,iteal6l@livejournal.com
239,Ewart,Grigolon,
240,Brett,Voelker,bvoelker6n@ucoz.com
241,Curt,Wheelband,cwheelband6o@wufoo.com
242,Kaja,Cawsy,kcawsy6p@alibaba.com
243,Jarret,Mews,jmews6q@nih.gov
244,Adoree,Sixsmith,asixsmith6r@seattletimes.com
245,Meredith,Falla,mfalla6s@cnn.com
246,Seymour,Flux,sflux6t@feedburner.com
247,Dalt,Dullingham,ddullingham6u@latimes.com
248,Aurie,Guinane,
249,Terrell,Kettley,tkettley6w@cnbc.com
250,Malchy,Sabati,msabati6x@zdnet.com
251,Corilla,Beetles,cbeetles6y@quantcast.com
252,Carling,Trask,ctrask6z@weather.com
253,Cary,Sheehy,csheehy70@discovery.com
254,Hobey,Fogg,hfogg71@furl.net
255,Allianora,Tapsfield,
256,Carling,Tallow,ctallow73@xrea.com
257,Clarinda,Huison,chuison74@unblog.fr
258,Elijah,Seebright,eseebright75@zdnet.com
259,Ricky,Budleigh,rbudleigh76@paginegialle.it
260,Neale,Fateley,nfateley77@businesswire.com
261,Britteny,Cobley,bcobley78@opensource.org
262,Jammie,Fyfield,
263,Llywellyn,Gallone,lgallone7a@wix.com
264,Trish,Devey,tdevey7b@simplemachines.org
265,Kissiah,Heineken,kheineken7c@wix.com
266,Dunstan,Berrey,dberrey7d@cnbc.com
267,Allen,Lethardy,
268,Etan,Baldrey,ebaldrey7f@blogger.com
269,Ansel,Killock,akillock7g@bravesites.com
270,Cindy,Lemanu,clemanu7h@t-online.de
271,Way,Clitheroe,wclitheroe7i@redcross.org
272,Danny,Saker,dsaker7j@ezinearticles.com
273,Tiffanie,Gooch,tgooch7k@home.pl
274,Garret,Jouning,gjouning7l@oakley.com
275,Lynda,Twede,ltwede7m@usnews.com
276,Bellina,Dooher,bdooher7n@desdev.cn
277,Claudia,Cordeiro,ccordeiro7o@webeden.co.uk
278,Kennedy,Haslewood,khaslewood7p@ca.gov
279,Lane,MacGilrewy,lmacgilrewy7q@stanford.edu
280,Daile,Treace,dtreace7r@walmart.com
281,Montague,Hawson,mhawson7s@cdc.gov
282,Aeriel,Arnell,aarnell7t@sina.com.cn
283,Andrej,Nuccitelli,
284,Bonnee,Cathrall,bcathrall7v@shutterfly.com
285,Penny,Curry,pcurry7w@multiply.com
286,Taffy,Bonhan,tbonhan7x@ifeng.com
287,Marjie,Everil,meveril7y@com.com
288,Erminia,Jewess,ejewess7z@bigcartel.com
289,Enrico,Benninger,ebenninger80@ucla.edu
290,Ibby,Plaid,iplaid81@dagondesign.com
291,Obed,Lever,olever82@bandcamp.com
292,Karen,Lucchi,klucchi83@hud.gov
293,Cariotta,Varah,cvarah84@hp.com
294,Laina,Polland,lpolland85@google.nl
295,Malena,Bechley,mbechley86@fotki.com
296,Ingaborg,Scantlebury,iscantlebury87@yale.edu
297,Birdie,Dobrovsky,bdobrovsky88@myspace.com
298,Carlie,Fearby,cfearby89@google.com.br
299,Artemas,Logue,alogue8a@ox.ac.uk
300,Alfy,Philpot,aphilpot8b@csmonitor.com
301,Harriet,Linacre,hlinacre8c@sbwire.com
302,Elysee,Foli,efoli8d@answers.com
303,Stan,Bloodworthe,sbloodworthe8e@craigslist.org
304,Bondy,Roblett,broblett8f@japanpost.jp
305,Esma,Barrim,ebarrim8g@guardian.co.uk
306,Adams,Hackly,ahackly8h@tinypic.com
307,Kerry,Farden,kfarden8i@t-online.de
308,Kellen,Duckels,kduckels8j@twitter.com
309,Clarette,Klaas,cklaas8k@theatlantic.com
310,Nerti,Whymark,nwhymark8l@wordpress.com
311,Gerrilee,Baline,gbaline8m@so-net.ne.jp
312,Steve,Kingsnod,
313,Nerty,Fitzsymonds,nfitzsymonds8o@biblegateway.com
314,Donica,Puckham,dpuckham8p@wikimedia.org
315,Freddie,Hatchette,fhatchette8q@shareasale.com
316,Thomas,Rainard,trainard8r@unc.edu
317,Odey,Byre,obyre8s@soup.io
318,Raina,Scollick,rscollick8t@sciencedaily.com
319,Gar,Baggalley,gbaggalley8u@irs.gov
320,Tomasina,Chirm,tchirm8v@jimdo.com
321,Worden,Jakel,wjakel8w@deviantart.com
322,Giacomo,Tout,gtout8x@opensource.org
323,Mandi,Hardison,mhardison8y@barnesandnoble.com
324,Prent,Knolles-Green,pknollesgreen8z@example.com
325,Agneta,Yearnsley,
326,Daffy,Tills,dtills91@tumblr.com
327,Freda,Pittem,fpittem92@people.com.cn
328,Modestine,Lehrer,mlehrer93@wired.com
329,Sela,Zelner,szelner94@live.com
330,Estelle,Sheber,esheber95@usatoday.com
331,Florence,Horbath,fhorbath96@sakura.ne.jp
332,Pernell,Brothwell,pbrothwell97@hao123.com
333,Wilhelmine,Richens,
334,Bobby,Shipston,bshipston99@t.co
335,Sue,Aleshintsev,saleshintsev9a@google.it
336,Marieann,Dries,mdries9b@comsenz.com
337,Ewan,Jarrell,ejarrell9c@admin.ch
338,Ladonna,Wickstead,lwickstead9d@oracle.com
339,Belia,Beach,bbeach9e@1688.com
340,Aime,McGloughlin,amcgloughlin9f@dagondesign.com
341,Andros,Bentjens,abentjens9g@dagondesign.com
342,Tristam,Juniper,tjuniper9h@omniture.com
343,Glen,Featonby,gfeatonby9i@paypal.com
344,Lethia,McKerlie,lmckerlie9j@theglobeandmail.com
345,Nettle,Croser,ncroser9k@tripadvisor.com
346,Allene,Forbear,aforbear9l@wikia.com
347,Stephi,Moy,smoy9m@friendfeed.com
348,Luke,Perrigo,lperrigo9n@discuz.net
349,Reinaldos,Kruschov,rkruschov9o@deliciousdays.com
350,Orland,Goodhall,ogoodhall9p@tuttocitta.it
351,Melisande,Burgoin,mburgoin9q@prlog.org
352,Lockwood,Belverstone,lbelverstone9r@themeforest.net
353,Conrado,Muscroft,cmuscroft9s@rakuten.co.jp
354,Jeanna,Fleckness,jfleckness9t@ucsd.edu
355,Chrisse,Keilty,ckeilty9u@desdev.cn
356,Lida,Freddi,lfreddi9v@deviantart.com
357,Ferd,Maben,fmaben9w@europa.eu
358,Berti,De Maria,bdemaria9x@guardian.co.uk
359,Oates,Coleson,ocoleson9y@slashdot.org
360,Shepard,Horstead,
361,Adda,Gilbane,agilbanea0@whitehouse.gov
362,Faina,Willgress,fwillgressa1@sohu.com
363,Anneliese,Castagnet,acastagneta2@forbes.com
364,Taddeo,Gerrens,tgerrensa3@shareasale.com
365,Licha,Spiers,lspiersa4@technorati.com
366,Fay,Carlow,fcarlowa5@php.net
367,Giselle,Devenish,gdevenisha6@samsung.com
368,Carlina,Curds,ccurdsa7@google.pl
369,Oralee,Stenyng,ostenynga8@seesaa.net
370,Sarge,Bartle,sbartlea9@blog.com
371,Doralynn,Dykes,ddykesaa@usda.gov
372,Frazier,Andrzej,fandrzejab@de.vu
373,Clayson,Rustman,crustmanac@google.pl
374,Doug,Quadling,
375,Frazer,Klugman,
376,Rianon,Winckle,
377,Daren,Muncey,dmunceyag@psu.edu
378,Jenda,Edyson,jedysonah@prlog.org
379,Teressa,Casetti,tcasettiai@unc.edu
380,Sigmund,Salsbury,
381,De witt,Yezafovich,dyezafovichak@behance.net
382,Alanson,Smogur,asmogural@xinhuanet.com
383,Harwilll,Motto,hmottoam@posterous.com
384,Opalina,Beahan,obeahanan@wix.com
385,Ginger,Kerslake,gkerslakeao@live.com
386,Kristien,Kennewell,kkennewellap@examiner.com
387,Hester,Risborough,hrisboroughaq@usatoday.com
388,Jodi,Petrovic,jpetrovicar@google.de
389,Gratiana,Sawkin,gsawkinas@bing.com
390,Calhoun,Fosbraey,cfosbraeyat@unicef.org
391,Odo,Ponsford,oponsfordau@springer.com
392,Elly,Blesdill,eblesdillav@amazonaws.com
393,Nevile,Alabaster,nalabasteraw@marriott.com
394,Itch,Rennick,irennickax@cisco.com
395,Faustina,Gellier,fgellieray@tumblr.com
396,Jeane,Shaefer,jshaeferaz@ebay.com
397,Madalena,Kimmins,mkimminsb0@nyu.edu
398,Almeria,Tuny,atunyb1@addtoany.com
399,Trixie,Clelle,tclelleb2@e-recht24.de
400,Harriot,Drake,
401,Murvyn,Hembery,
402,Marcus,Halvosen,mhalvosenb5@gnu.org
403,Naoma,Ellington,nellingtonb6@netscape.com
404,Irvine,Wewell,
405,Aloin,Cowhig,
406,Valentin,Hanscombe,vhanscombeb9@go.com
407,Craig,Baitson,cbaitsonba@ustream.tv
408,Maxy,Confait,
409,Darrelle,Sivil,
410,Elfrida,Smyth,
411,Vanda,Datte,vdattebe@ted.com
412,Adlai,Klousner,aklousnerbf@com.com
413,Monique,Hacun,
414,Nikki,Brinsden,nbrinsdenbh@loc.gov
415,Kristina,Simo,ksimobi@blogtalkradio.com
416,Hunfredo,Spinas,hspinasbj@nytimes.com
417,Oralia,Roe,oroebk@twitpic.com
418,Lauren,Ellar,lellarbl@senate.gov
419,Lorenzo,Myrtle,lmyrtlebm@gravatar.com
420,Dory,Pinnick,dpinnickbn@zimbio.com
421,Bernadene,Leggett,bleggettbo@ox.ac.uk
422,Liza,Cardenoso,lcardenosobp@hostgator.com
423,Dorothy,Lyptrit,dlyptritbq@google.de
424,Xenos,Hubbert,xhubbertbr@blogspot.com
425,Montgomery,Newis,mnewisbs@miibeian.gov.cn
426,Bartholomeus,Tubridy,btubridybt@tumblr.com
427,Jervis,Kidd,jkiddbu@dropbox.com
428,Jeniffer,Tigwell,jtigwellbv@freewebs.com
429,Kyle,Scudamore,kscudamorebw@ftc.gov
430,Broderic,Pridmore,bpridmorebx@amazon.de
431,Phylis,Kleinert,pkleinertby@meetup.com
432,Gabriela,Dowse,gdowsebz@pinterest.com
433,Sammy,Berrington,sberringtonc0@hugedomains.com
434,Angelico,Rubens,arubensc1@npr.org
435,Bella,Aseef,baseefc2@uol.com.br
436,Beverly,Larkin,blarkinc3@mail.ru
437,Ricki,Boteman,rbotemanc4@facebook.com
438,Faustina,Redmond,fredmondc5@rambler.ru
439,Teddi,Strelitzki,tstrelitzkic6@discovery.com
440,Calli,Bitterton,cbittertonc7@boston.com
441,Arlen,Fairholme,afairholmec8@google.es
442,Zarah,Bartul,zbartulc9@unicef.org
443,Rudolf,Mendonca,rmendoncaca@mit.edu
444,Merilyn,Opy,
445,Talyah,Nassau,tnassaucc@tripadvisor.com
446,Rockie,Oxbrough,roxbroughcd@ucoz.ru
447,Ric,Polet,rpoletce@usa.gov
448,Dael,McGaffey,dmcgaffeycf@latimes.com
449,Steffie,Boskell,
450,Antone,Haddleton,ahaddletonch@geocities.com
451,Tamara,Shynn,tshynnci@ca.gov
452,Phillida,Lowe,plowecj@digg.com
453,Sanson,Spere,sspereck@infoseek.co.jp
454,Gradey,Rosthorn,grosthorncl@meetup.com
455,Tiphany,Spratling,tspratlingcm@list-manage.com
456,Zandra,Bachmann,zbachmanncn@myspace.com
457,Pier,Freeborne,pfreeborneco@hubpages.com
458,Rhianna,Beckett,rbeckettcp@google.com.br
459,Roger,Burghall,rburghallcq@histats.com
460,Jonis,Workes,jworkescr@infoseek.co.jp
461,Gaylor,Ballay,gballaycs@reddit.com
462,Terry,Origin,toriginct@reuters.com
463,Rodolphe,Linfoot,rlinfootcu@networksolutions.com
464,Paule,Ewbanck,pewbanckcv@house.gov
465,Rachele,Bicksteth,rbickstethcw@arizona.edu
466,Jodi,Tregear,jtregearcx@webmd.com
467,Rorke,Marklew,rmarklewcy@addtoany.com
468,Lexie,Simonian,lsimoniancz@ning.com
469,Henrietta,Bassil,hbassild0@bizjournals.com
470,Vachel,Truder,vtruderd1@wired.com
471,Norene,Doogan,
472,Chrissie,Dimitriades,cdimitriadesd3@answers.com
473,Moria,Hanigan,
474,Odelle,Ingry,
475,Lucie,Crunkhorn,lcrunkhornd6@is.gd
476,Rhodia,Moynihan,rmoynihand7@discovery.com
477,Cyrille,Hudson,chudsond8@state.tx.us
478,Norene,Bugbee,nbugbeed9@unicef.org
479,Hallie,Morgue,hmorgueda@aol.com
480,Billi,Van Ross,bvanrossdb@smugmug.com
481,Verile,Cantrell,vcantrelldc@woothemes.com
482,Ursola,Wurst,uwurstdd@miibeian.gov.cn
483,Tresa,Gritten,tgrittende@wikia.com
484,Cornela,Mulliner,cmullinerdf@berkeley.edu
485,Allina,Kettridge,akettridgedg@mapy.cz
486,Kizzie,Gosforth,kgosforthdh@arizona.edu
487,Adelind,Shedden,asheddendi@ted.com
488,Vicky,Randall,vrandalldj@ibm.com
489,Vittoria,McCamish,vmccamishdk@soundcloud.com
490,Mar,Paoli,mpaolidl@histats.com
491,Archambault,Bartunek,abartunekdm@wikispaces.com
492,Simonne,Laundon,
493,Abbot,Antwis,aantwisdo@goo.gl
494,Mahmud,Staker,mstakerdp@illinois.edu
495,Caddric,Hodgins,chodginsdq@yale.edu
496,Edyth,Fransewich,
497,Natala,Morrel,nmorrelds@ehow.com
498,Cheslie,Stive,cstivedt@blogger.com
499,Ripley,Lippitt,rlippittdu@livejournal.com
500,Jennine,Raveau,jraveaudv@businessinsider.com
501,Elenore,Vale,evaledw@angelfire.com
502,Philippine,Bearns,pbearnsdx@nbcnews.com
503,Maurizio,Gayter,mgayterdy@twitpic.com
504,Annadiana,Jancso,ajancsodz@deviantart.com
505,Penn,Wignall,pwignalle0@samsung.com
506,Wendie,Baldacchi,wbaldacchie1@businessweek.com
507,Hubie,Longmore,hlongmoree2@buzzfeed.com
508,Karolina,Plumbridge,kplumbridgee3@github.com
509,Cecilia,Helstrom,chelstrome4@slashdot.org
510,Margalo,Longmaid,mlongmaide5@guardian.co.uk
511,Fayette,Fishbourn,ffishbourne6@tripadvisor.com
512,Koren,Lushey,klusheye7@artisteer.com
513,Emelda,Voak,evoake8@deliciousdays.com
514,Celestyna,Tilliard,ctilliarde9@addthis.com
515,Darnall,Gentner,dgentnerea@columbia.edu
516,Tiebout,O'Hern,
517,Jacklyn,Youthed,jyouthedec@statcounter.com
518,Chryste,Cluckie,ccluckieed@photobucket.com
519,Derick,Beeze,dbeezeee@usda.gov
520,Ros,Davitashvili,rdavitashvilief@soup.io
521,Thibaud,Elphinston,telphinstoneg@sun.com
522,Amalle,Moberley,amoberleyeh@intel.com
523,Thayne,Menhci,tmenhciei@addtoany.com
524,Donny,Stempe,dstempeej@buzzfeed.com
525,Issiah,Maillard,imaillardek@etsy.com
526,Kylie,Kinnach,kkinnachel@wikispaces.com
527,Llewellyn,Breukelman,lbreukelmanem@blogger.com
528,Marcos,Tevelov,mteveloven@wufoo.com
529,Glenden,Mountford,gmountfordeo@t-online.de
530,Buck,Paolino,bpaolinoep@tuttocitta.it
531,Pier,Beentjes,pbeentjeseq@weebly.com
532,Gawain,Eydel,geydeler@photobucket.com
533,Esteban,Glendinning,eglendinninges@etsy.com
534,Jo-ann,Heyns,jheynset@globo.com
535,Meara,Sayburn,msayburneu@hao123.com
536,Archibald,Harpham,aharphamev@deviantart.com
537,Cally,Hollingby,chollingbyew@addthis.com
538,Blair,Dillinton,bdillintonex@va.gov
539,Anette,Cours,acoursey@msu.edu
540,Ray,Delwater,rdelwaterez@nationalgeographic.com
541,Tommy,Cossam,tcossamf0@state.tx.us
542,Bentlee,Kaspar,bkasparf1@flavors.me
543,Sabrina,Kingswood,skingswoodf2@clickbank.net
544,Sonja,Antonsson,santonssonf3@nhs.uk
545,Katherina,Gleadhall,
546,Annecorinne,Bernardet,abernardetf5@dell.com
547,Ashlen,Tubble,atubblef6@barnesandnoble.com
548,Traci,Causbey,
549,Wiatt,Wallbank,wwallbankf8@whitehouse.gov
550,Rockwell,Tubby,rtubbyf9@flickr.com
551,Lanette,McIlreavy,lmcilreavyfa@myspace.com
552,Cecily,Scamel,
553,Vale,Ayling,vaylingfc@skyrock.com
554,Norma,Puttergill,nputtergillfd@shareasale.com
555,Shurwood,Beckinsall,sbeckinsallfe@123-reg.co.uk
556,Constantia,Eastcourt,ceastcourtff@comcast.net
557,Vlad,Furlow,vfurlowfg@imgur.com
558,Robina,Trewett,rtrewettfh@bigcartel.com
559,Jock,Simonini,jsimoninifi@purevolume.com
560,Sybyl,Tythacott,stythacottfj@hexun.com
561,Nanni,Godbert,ngodbertfk@msu.edu
562,Nico,Antic,nanticfl@people.com.cn
563,Lucinda,Tolhurst,ltolhurstfm@altervista.org
564,Keefer,Tamburo,ktamburofn@jimdo.com
565,Arni,Frankema,afrankemafo@github.com
566,Darrel,Gerraty,dgerratyfp@nbcnews.com
567,Lindy,Shernock,lshernockfq@phoca.cz
568,Nessi,Sinclair,nsinclairfr@independent.co.uk
569,Ivy,Mattheus,imattheusfs@utexas.edu
570,Maura,Carlens,mcarlensft@businessweek.com
571,Robbie,Revening,rreveningfu@pagesperso-orange.fr
572,Nikos,Sedgebeer,nsedgebeerfv@digg.com
573,Waneta,Barke,wbarkefw@plala.or.jp
574,Elie,Walhedd,
575,Lin,Cockell,lcockellfy@edublogs.org
576,Rozella,Filipponi,rfilipponifz@issuu.com
577,Branden,Heinsius,bheinsiusg0@w3.org
578,Barb,Kenway,bkenwayg1@sourceforge.net
579,Catha,Lates,clatesg2@icio.us
580,Mikel,Fowlestone,mfowlestoneg3@uiuc.edu
581,Carver,Leythley,cleythleyg4@loc.gov
582,Brendan,Odegaard,bodegaardg5@yolasite.com
583,Chane,Lean,cleang6@blogs.com
584,Mag,Ferrarese,mferrareseg7@posterous.com
585,Peyton,Veelers,pveelersg8@miitbeian.gov.cn
586,Renee,Dutchburn,rdutchburng9@theguardian.com
587,Shae,Maven,smavenga@icq.com
588,Nadya,Stirgess,nstirgessgb@fc2.com
589,Lamond,Molyneaux,lmolyneauxgc@cnn.com
590,Llewellyn,Deekes,ldeekesgd@vk.com
591,Randal,Tirte,rtirtege@flickr.com
592,Barth,McCaghan,bmccaghangf@ezinearticles.com
593,Darrelle,Fautly,
594,Dacia,Hryskiewicz,dhryskiewiczgh@netlog.com
595,Johnathan,Matijasevic,jmatijasevicgi@live.com
596,Bellina,Hearn,bhearngj@admin.ch
597,Ginger,Gyurko,ggyurkogk@xinhuanet.com
598,Andriana,Siege,asiegegl@kickstarter.com
599,Francisca,Treat,ftreatgm@bbb.org
600,Nelson,Paolicchi,npaolicchign@rediff.com
601,Moreen,Fernando,mfernandogo@behance.net
602,Tova,McIlory,tmcilorygp@msn.com
603,Pip,Ambrus,pambrusgq@rediff.com
604,Jefferson,Mercer,jmercergr@auda.org.au
605,Todd,Edds,teddsgs@amazonaws.com
606,Conchita,Lankester,clankestergt@freewebs.com
607,Albrecht,Portingale,aportingalegu@guardian.co.uk
608,Abby,Clever,aclevergv@utexas.edu
609,Peadar,Breckin,pbreckingw@discovery.com
610,Fowler,Newick,fnewickgx@photobucket.com
611,Essy,Pioch,
612,Ardelia,Capeloff,acapeloffgz@smh.com.au
613,Bethina,Deek,bdeekh0@woothemes.com
614,Ambrosi,Otham,aothamh1@ebay.co.uk
615,Jaquelyn,Ellick,jellickh2@zdnet.com
616,Calley,Fawssett,cfawssetth3@google.ru
617,Eben,Olive,eoliveh4@twitpic.com
618,Berty,Zanioletti,bzaniolettih5@sciencedirect.com
619,Pat,Older,polderh6@cloudflare.com
620,Lusa,Giberd,lgiberdh7@about.com
621,Dannie,Gawith,dgawithh8@seattletimes.com
622,Mavis,Gulberg,mgulbergh9@sohu.com
623,Dawn,Rowell,drowellha@cpanel.net
624,Kahlil,Castellucci,kcastelluccihb@surveymonkey.com
625,Laraine,Sapshed,lsapshedhc@hibu.com
626,Kirk,Djurdjevic,kdjurdjevichd@shutterfly.com
627,Keriann,Alliston,kallistonhe@delicious.com
628,Padgett,Fenny,pfennyhf@salon.com
629,Doug,Fawkes,dfawkeshg@tmall.com
630,Yetty,Stockey,ystockeyhh@dyndns.org
631,Hube,Waterfall,hwaterfallhi@mozilla.com
632,Stephi,Allanson,sallansonhj@over-blog.com
633,Nolan,Southerill,
634,Borden,Pringell,bpringellhl@dmoz.org
635,Guglielma,Lyptrit,glyptrithm@ftc.gov
636,Leola,Ezzle,lezzlehn@woothemes.com
637,Aldin,Kilkenny,
638,Rana,Dumsday,
639,Jacintha,Whitebrook,jwhitebrookhq@indiegogo.com
640,Mersey,Greenslade,
641,Junie,Pocklington,
642,Brandice,Quayle,bquayleht@nps.gov
643,Casar,Gard,cgardhu@wp.com
644,Carmelia,Wardhaw,cwardhawhv@wufoo.com
645,Phaedra,Landy,plandyhw@godaddy.com
646,Alvy,Gaddesby,agaddesbyhx@ameblo.jp
647,Amalle,Shurlock,
648,Zabrina,Jamot,zjamothz@oakley.com
649,Kevin,Van den Dael,kvandendaeli0@uiuc.edu
650,Rowland,Peterffy,rpeterffyi1@com.com
651,Lula,Cabell,lcabelli2@whitehouse.gov
652,Reuben,Dible,rdiblei3@eepurl.com
653,Enoch,Dimanche,edimanchei4@deviantart.com
654,Jolynn,Ollier,jollieri5@va.gov
655,Marys,Bradfield,mbradfieldi6@dailymotion.com
656,Elysha,Shakesby,eshakesbyi7@cmu.edu
657,Jonathan,Goodlud,
658,Astra,Elie,aeliei9@kickstarter.com
659,Nanice,Toward,ntowardia@salon.com
660,Doralin,Perfect,dperfectib@indiatimes.com
661,Lyell,Dudliston,ldudlistonic@ycombinator.com
662,Maxine,Sodory,msodoryid@infoseek.co.jp
663,Ellsworth,Vipan,evipanie@imgur.com
664,Hardy,Houndsom,hhoundsomif@wordpress.org
665,Waneta,Jouaneton,wjouanetonig@tamu.edu
666,Pat,Yablsley,pyablsleyih@sogou.com
667,Jerrie,Ridwood,jridwoodii@ning.com
668,Ardra,Raffeorty,
669,Dugald,Hercules,
670,Tiffany,Pieters,tpietersil@reverbnation.com
671,Walker,Davidwitz,wdavidwitzim@4shared.com
672,Callean,Czapla,cczaplain@wikimedia.org
673,Cy,Debrett,
674,Vanessa,Thiese,vthieseip@jalbum.net
675,Emmy,Sogg,esoggiq@meetup.com
676,Sidoney,Pragnell,spragnellir@netvibes.com
677,Stevena,Gudge,sgudgeis@newsvine.com
678,Josy,Nafzger,jnafzgerit@uol.com.br
679,Doralin,Rushman,drushmaniu@moonfruit.com
680,Kurtis,Jeste,kjesteiv@omniture.com
681,Margaretha,Blackway,mblackwayiw@blogger.com
682,Cece,Boissier,cboissierix@uiuc.edu
683,Venita,Hansford,vhansfordiy@4shared.com
684,Candi,Dupre,cdupreiz@cisco.com
685,Niki,Smither,
686,Frayda,Gytesham,fgyteshamj1@tripod.com
687,Claudell,Edmundson,cedmundsonj2@t.co
688,Kylynn,Renton,krentonj3@webeden.co.uk
689,Ciel,Colquhoun,ccolquhounj4@unicef.org
690,Dew,Nelissen,dnelissenj5@wsj.com
691,Isidro,Rubinowicz,irubinowiczj6@plala.or.jp
692,Orv,Yglesia,oyglesiaj7@house.gov
693,Corny,Scoon,cscoonj8@prlog.org
694,Maison,Keene,
695,Ronny,Humpherson,rhumphersonja@unc.edu
696,Chester,Bigglestone,cbigglestonejb@tiny.cc
697,Coral,Tynan,ctynanjc@google.ru
698,Celeste,Charlo,
699,Dermot,Finker,dfinkerje@spotify.com
700,Forrest,Dorwood,fdorwoodjf@indiegogo.com
701,Pennie,Meller,pmellerjg@sphinn.com
702,Joye,Urwen,jurwenjh@vinaora.com
703,Candy,Kryska,
704,Christina,Borborough,cborboroughjj@issuu.com
705,Rowen,Coules,rcoulesjk@wikimedia.org
706,Delinda,Pirrey,dpirreyjl@baidu.com
707,Lorine,Partridge,lpartridgejm@howstuffworks.com
708,Taylor,Petel,tpeteljn@ebay.co.uk
709,Adelind,Couch,acouchjo@ustream.tv
710,Charlene,Piser,cpiserjp@npr.org
711,Kearney,Edwicker,kedwickerjq@unicef.org
712,Franni,Warland,fwarlandjr@shutterfly.com
713,Bartie,Goldsberry,bgoldsberryjs@dyndns.org
714,Estele,Neesam,eneesamjt@boston.com
715,Mata,Deverille,mdeverilleju@dmoz.org
716,Dulcia,Urvoy,durvoyjv@xrea.com
717,Huberto,Cottill,hcottilljw@msu.edu
718,Krysta,Emblow,kemblowjx@yelp.com
719,Minor,Aguirrezabal,maguirrezabaljy@bing.com
720,Martha,Waiting,mwaitingjz@virginia.edu
721,Rickard,Gimber,rgimberk0@imdb.com
722,Aline,Duckwith,aduckwithk1@oaic.gov.au
723,Harald,Heys,
724,Chiquia,Martinovic,cmartinovick3@nydailynews.com
725,Megan,Emberton,membertonk4@tripod.com
726,Maryellen,Armsden,marmsdenk5@ibm.com
727,Wyndham,Mordon,wmordonk6@walmart.com
728,Yulma,Labet,ylabetk7@stumbleupon.com
729,Sharla,Oran,sorank8@bloglines.com
730,Gertruda,McLaughlan,gmclaughlank9@bravesites.com
731,Fredi,Capehorn,fcapehornka@columbia.edu
732,Vickie,Bront,vbrontkb@delicious.com
733,Dulci,Keppel,dkeppelkc@icq.com
734,Maribel,Chettoe,mchettoekd@opera.com
735,Kingston,Ellicombe,kellicombeke@huffingtonpost.com
736,Bertrando,Hadny,bhadnykf@amazon.co.jp
737,Thebault,Lawther,
738,Renaldo,Kirsch,rkirschkh@domainmarket.com
739,Geoffrey,Doy,gdoyki@vimeo.com
740,Berti,Bracci,bbraccikj@thetimes.co.uk
741,Ange,Sweetsur,asweetsurkk@ftc.gov
742,Anya,Churms,achurmskl@4shared.com
743,Valenka,Cockerton,vcockertonkm@histats.com
744,Elsy,Stilling,
745,Moe,Greg,mgregko@jalbum.net
746,Michal,Gervaise,
747,Nadya,Collopy,
748,Amelita,Blyde,
749,Blake,Heaford,bheafordks@hc360.com
750,Cosette,Gettone,cgettonekt@rediff.com
751,Padget,Thompstone,pthompstoneku@adobe.com
752,Nevil,Shitliffe,nshitliffekv@cloudflare.com
753,Bryana,Palphramand,bpalphramandkw@ebay.com
754,Emlynn,McGlew,emcglewkx@cyberchimps.com
755,Moss,Cumberlidge,mcumberlidgeky@bluehost.com
756,Lek,Carney,lcarneykz@mediafire.com
757,Lorenza,Winterton,lwintertonl0@imageshack.us
758,Ardith,Le feaver,alefeaverl1@g.co
759,Jamil,Androlli,jandrollil2@guardian.co.uk
760,Nettle,Vicar,nvicarl3@1688.com
761,Eduard,McAnulty,emcanultyl4@tumblr.com
762,Minnaminnie,Gubbin,mgubbinl5@360.cn
763,Marney,Assel,massell6@marketwatch.com
764,Gipsy,Margetson,gmargetsonl7@free.fr
765,Leonerd,Roughley,lroughleyl8@biblegateway.com
766,Leontine,Witherby,lwitherbyl9@forbes.com
767,Martha,Pinilla,mpinillala@soup.io
768,Ninnetta,Belverstone,nbelverstonelb@ustream.tv
769,Wald,Davidy,wdavidylc@tripadvisor.com
770,Gabey,Groarty,ggroartyld@unblog.fr
771,Antoni,Codling,acodlingle@freewebs.com
772,Raquel,Paragreen,rparagreenlf@ustream.tv
773,Ardelle,Biaggelli,abiaggellilg@squidoo.com
774,Roseann,Janatka,rjanatkalh@comsenz.com
775,Daphne,Delmonti,ddelmontili@cpanel.net
776,Fenelia,Nann,fnannlj@csmonitor.com
777,Effie,Ibarra,eibarralk@netlog.com
778,Alasdair,Woodyear,awoodyearll@opera.com
779,Belia,Cazin,
780,Joey,Whitelock,jwhitelockln@photobucket.com
781,Bat,Sherme,
782,Yetty,Ceci,ycecilp@tinyurl.com
783,Sanson,Dyott,sdyottlq@yolasite.com
784,Emmi,Fish,efishlr@amazonaws.com
785,Sib,Clapston,sclapstonls@auda.org.au
786,Damon,Benedek,dbenedeklt@wisc.edu
787,Aubry,Meni,amenilu@blinklist.com
788,Paulina,Malling,pmallinglv@omniture.com
789,Alfie,Stanaway,astanawaylw@topsy.com
790,Wash,Bennison,wbennisonlx@weebly.com
791,Helen,La Padula,hlapadulaly@homestead.com
792,Omar,Stanyer,ostanyerlz@list-manage.com
793,Lindi,Stockford,lstockfordm0@illinois.edu
794,Deloris,Garnam,dgarnamm1@state.gov
795,Phip,Ginie,pginiem2@studiopress.com
796,Red,Raigatt,rraigattm3@naver.com
797,Lindy,Rothert,lrothertm4@rakuten.co.jp
798,Jeniffer,Ludwikiewicz,jludwikiewiczm5@dailymotion.com
799,Nicki,Whitford,nwhitfordm6@livejournal.com
800,Elton,Danher,edanherm7@123-reg.co.uk
801,Milicent,Nevin,mnevinm8@myspace.com
802,Gustavo,Scally,gscallym9@pbs.org
803,Roxi,Housecraft,rhousecraftma@is.gd
804,Blair,Bains,bbainsmb@umn.edu
805,Inez,Halliwell,ihalliwellmc@nih.gov
806,Harland,Sholl,hshollmd@sciencedaily.com
807,Alwin,Squibb,asquibbme@mozilla.com
808,Olenka,Scutts,oscuttsmf@skype.com
809,Merrick,Walsh,mwalshmg@noaa.gov
810,Rosabel,Oxterby,roxterbymh@weibo.com
811,Baryram,Bartalin,bbartalinmi@blinklist.com
812,Hyacinthe,Chiddy,hchiddymj@nymag.com
813,Bastien,Bothwell,bbothwellmk@mapquest.com
814,Cathleen,Ackers,
815,Harper,Scrivens,hscrivensmm@hc360.com
816,Clevie,Romeril,cromerilmn@spiegel.de
817,Doreen,Lammin,dlamminmo@dmoz.org
818,Padgett,Pickover,ppickovermp@so-net.ne.jp
819,Domenico,Birkbeck,dbirkbeckmq@buzzfeed.com
820,Maria,Thor,mthormr@merriam-webster.com
821,Melinda,Gillaspy,mgillaspyms@mail.ru
822,Clim,Moreinis,cmoreinismt@sun.com
823,Andie,Constantinou,aconstantinoumu@histats.com
824,Eugen,Giddings,egiddingsmv@hexun.com
825,Geordie,Calverley,gcalverleymw@unc.edu
826,Somerset,Lascell,slascellmx@com.com
827,Simonette,Edney,
828,Kile,Scowcraft,kscowcraftmz@tripod.com
829,Carolyne,MacGarvey,cmacgarveyn0@china.com.cn
830,Amery,Dripps,adrippsn1@shutterfly.com
831,Jayne,Heeran,jheerann2@fc2.com
832,Eldon,Ledrane,eledranen3@smh.com.au
833,Freddie,Cuddihy,fcuddihyn4@mayoclinic.com
834,Dottie,Dessaur,ddessaurn5@elpais.com
835,Tracee,Burnapp,tburnappn6@ed.gov
836,Cesare,McAnellye,cmcanellyen7@dyndns.org
837,Octavius,Earengey,
838,Elle,Ellerman,eellermann9@nasa.gov
839,Kelcy,Pullar,kpullarna@phoca.cz
840,Emlyn,Whitaker,ewhitakernb@google.fr
841,Link,Seczyk,lseczyknc@mozilla.com
842,Godfree,Christy,gchristynd@howstuffworks.com
843,Teressa,Gosnall,
844,Antony,Morrall,
845,Lu,Youngs,lyoungsng@phpbb.com
846,Melesa,O'Hannay,mohannaynh@prlog.org
847,Pincas,Staines,pstainesni@amazon.co.jp
848,Em,Siveter,esiveternj@indiegogo.com
849,William,Malthus,
850,Meir,Lehrer,mlehrernl@oaic.gov.au
851,Trstram,Kubat,tkubatnm@state.gov
852,Selene,O'Codihie,socodihienn@loc.gov
853,Karoly,Lantuffe,klantuffeno@zimbio.com
854,Miner,Jentet,mjentetnp@list-manage.com
855,Erek,Flavelle,eflavellenq@miibeian.gov.cn
856,Ragnar,Masic,rmasicnr@nytimes.com
857,Tomlin,Nottingam,tnottingamns@businessinsider.com
858,Conway,Mummery,
859,Udall,Jellico,ujelliconu@usatoday.com
860,Catharine,Rennels,crennelsnv@opera.com
861,Lavina,Luckings,lluckingsnw@flavors.me
862,Perry,Lyven,plyvennx@storify.com
863,Rooney,Hewlings,
864,Christoph,Debney,
865,Faina,Mewton,fmewtono0@arizona.edu
866,Udale,Eaton,ueatono1@thetimes.co.uk
867,Becky,Gillion,bgilliono2@comsenz.com
868,Olivie,Scutching,oscutchingo3@epa.gov
869,Lonni,Burrage,lburrageo4@comcast.net
870,Ahmed,Gilardengo,agilardengoo5@youtu.be
871,Suzette,Robyns,srobynso6@oakley.com
872,Noelle,Balchen,nbalcheno7@csmonitor.com
873,Roseanna,Quig,rquigo8@ebay.co.uk
874,Archambault,Bedding,abeddingo9@infoseek.co.jp
875,Toni,Mulkerrins,tmulkerrinsoa@nsw.gov.au
876,Dolorita,Rotham,drothamob@biblegateway.com
877,Carolina,Feron,cferonoc@symantec.com
878,Ole,Pesak,opesakod@usnews.com
879,Harlene,Camois,hcamoisoe@blogger.com
880,Hyman,Woodroffe,hwoodroffeof@apache.org
881,Bevvy,Yablsley,byablsleyog@sciencedaily.com
882,Marnie,Sears,msearsoh@hatena.ne.jp
883,Prentice,Josephy,pjosephyoi@discuz.net
884,Kynthia,Danielut,kdanielutoj@telegraph.co.uk
885,Vail,Rodinger,vrodingerok@alibaba.com
886,Carroll,Jandac,cjandacol@ibm.com
887,Anett,Ducker,aduckerom@bloomberg.com
888,Barbette,Scarman,
889,Murielle,Blackwood,mblackwoodoo@rakuten.co.jp
890,Emelen,Cobbled,ecobbledop@answers.com
891,Eulalie,Calender,ecalenderoq@hexun.com
892,Iris,Jonas,ijonasor@topsy.com
893,Germana,Clougher,gclougheros@cdc.gov
894,Yardley,Talks,ytalksot@nasa.gov
895,Danny,Jindrich,
896,Sallie,O'Shields,soshieldsov@fotki.com
897,Reginauld,Bowater,rbowaterow@1und1.de
898,Kathryn,Stelli,kstelliox@youtube.com
899,Dorie,Pods,dpodsoy@parallels.com
900,Dmitri,Asty,dastyoz@cisco.com
901,Cassy,Josilevich,cjosilevichp0@ovh.net
902,Gale,Decourcy,gdecourcyp1@geocities.com
903,Anselm,Sked,askedp2@gnu.org
904,Alvan,Cheavin,acheavinp3@facebook.com
905,Pete,Kynastone,pkynastonep4@nature.com
906,Mirabella,Basnall,mbasnallp5@spiegel.de
907,Sandi,Goggan,sgogganp6@imdb.com
908,Konstantine,Hunn,khunnp7@skyrock.com
909,Addie,Folbigg,afolbiggp8@dmoz.org
910,Godfrey,Pagelsen,gpagelsenp9@amazon.co.uk
911,Ripley,Letrange,
912,Willette,Bewshire,wbewshirepb@flickr.com
913,Fonsie,Bertelmot,fbertelmotpc@purevolume.com
914,Leone,Guymer,
915,Aurilia,Hammand,
916,Neile,Gierke,ngierkepf@ifeng.com
917,Filmore,Wolfart,fwolfartpg@is.gd
918,Kyle,Hitter,khitterph@flickr.com
919,Sophronia,Dumberell,sdumberellpi@mozilla.com
920,Vyky,Sebrook,vsebrookpj@symantec.com
921,Homer,Greste,hgrestepk@salon.com
922,Myrah,Beard,mbeardpl@nba.com
923,Lucho,Hourigan,lhouriganpm@freewebs.com
924,Leia,Joust,ljoustpn@privacy.gov.au
925,Laurel,Kachel,
926,Jimmie,Le Grice,jlegricepp@tripadvisor.com
927,Jackie,Timlett,jtimlettpq@php.net
928,Dasi,Ibbs,dibbspr@sina.com.cn
929,Merrill,Forber,mforberps@va.gov
930,Glori,Stammler,gstammlerpt@hatena.ne.jp
931,Modesty,Salack,msalackpu@eventbrite.com
932,Cherice,Badcock,cbadcockpv@wix.com
933,Bamby,Rawstorn,brawstornpw@amazon.de
934,Darell,Mabley,
935,Lionel,Huddlestone,
936,Robinson,Cisson,rcissonpz@mlb.com
937,Gaven,Budding,gbuddingq0@arstechnica.com
938,Malchy,O'Loghlen,
939,Emmy,Downer,edownerq2@bigcartel.com
940,Natalina,Geraldo,ngeraldoq3@about.me
941,Pippy,Clarkson,
942,Marian,Parramore,mparramoreq5@reverbnation.com
943,Hamnet,Ferraro,hferraroq6@cmu.edu
944,Galven,Davidoff,gdavidoffq7@go.com
945,Tania,Piggott,tpiggottq8@spotify.com
946,Carroll,Mence,cmenceq9@diigo.com
947,Nessy,Phelit,nphelitqa@shareasale.com
948,Sid,Bannerman,sbannermanqb@desdev.cn
949,Donica,Badgers,dbadgersqc@dyndns.org
950,Cacilia,O'Lennachain,colennachainqd@hibu.com
951,Devin,Ollington,dollingtonqe@china.com.cn
952,Tova,Smitham,tsmithamqf@nyu.edu
953,Artair,Staines,astainesqg@deliciousdays.com
954,Nertie,Blague,nblagueqh@wiley.com
955,Carlie,Arundell,carundellqi@t-online.de
956,Ayn,Walklott,awalklottqj@sbwire.com
957,Shirlene,Matteotti,smatteottiqk@toplist.cz
958,Binky,Maginn,
959,Reilly,Ausiello,
960,Guillermo,Bril,gbrilqn@apple.com
961,Bettye,Cavee,bcaveeqo@weibo.com
962,Aubert,Dymick,adymickqp@blogspot.com
963,Bo,Hein,bheinqq@springer.com
964,Izabel,Yosselevitch,iyosselevitchqr@diigo.com
965,Johnath,Gentner,jgentnerqs@ft.com
966,Ericha,Jendrich,ejendrichqt@tmall.com
967,Doralyn,Yanshinov,dyanshinovqu@artisteer.com
968,Myrvyn,Farquarson,mfarquarsonqv@discuz.net
969,Sayre,Bithell,sbithellqw@si.edu
970,Paten,Briers,pbriersqx@elpais.com
971,Urbanus,Odger,uodgerqy@dell.com
972,Dawna,Daines,ddainesqz@flavors.me
973,Dierdre,Panas,dpanasr0@ustream.tv
974,Devina,Mander,dmanderr1@diigo.com
975,Ninnette,Giacobbo,ngiacobbor2@zdnet.com
976,Etty,Everit,eeveritr3@ask.com
977,Dorelia,Skyme,dskymer4@imdb.com
978,Isahella,Skeen,iskeenr5@discovery.com
979,Jerrilee,Neenan,jneenanr6@exblog.jp
980,Joelynn,Cullivan,jcullivanr7@usgs.gov
981,Lauree,Mighele,lmigheler8@so-net.ne.jp
982,Bernadette,Rubery,bruberyr9@adobe.com
983,Casey,Savary,csavaryra@wsj.com
984,Hanan,Whiteley,hwhiteleyrb@godaddy.com
985,Dean,Ivanilov,divanilovrc@jimdo.com
986,Dallas,Dockree,ddockreerd@vimeo.com
987,Vivie,Ryburn,vryburnre@tripod.com
988,Rosanna,Lensch,rlenschrf@mail.ru
989,Shirl,Marchant,smarchantrg@webs.com
990,Margot,Dowglass,mdowglassrh@cmu.edu
991,Romona,Maffucci,rmaffucciri@nifty.com
992,Lissie,Liepins,lliepinsrj@theglobeandmail.com
993,Rochella,Ambrogi,rambrogirk@blogger.com
994,Karalee,Botright,kbotrightrl@youku.com
995,Salem,Adaway,sadawayrm@google.com.hk
996,Merralee,Alvaro,
997,Mel,Volett,
998,Gipsy,Hamor,ghamorrp@wordpress.org
999,Marni,Ravenshaw,mravenshawrq@irs.gov
1000,Kathryn,Geydon,kgeydonrr@kickstarter.com
